Workbook

Sheet ReadMe
A1: MES Implementation Estimation Template | v1.0 | Estimation CoE
A2: Single-site greenfield MES implementation estimator with multi-site rollout factor. ISA-95 / MESA-aligned work-package breakdown. Prepared 22-Jul-2026.
A4: How to use this workbook
A5: Step 1 - Inputs | B5: Enter project volumetric drivers (counts of workflows, equipment connections, interfaces, etc.) in the yellow cells of the 'Inputs' sheet. Set the Regulated Industry toggle (Y/N) and number of rollout sites.
A6: Step 2 - Review unit efforts | B6: The 'Estimator' sheet holds benchmark unit-effort hours (blue font) per work package per complexity band. Calibrate these against your own actuals; provenance for each is on the 'Benchmarks & Sources' sheet.
A7: Step 3 - Read outputs | B7: Total effort, contingency and grand total compute automatically on 'Estimator'. Role-wise FTE staffing is on 'Role Mapping'; phase-wise elapsed duration on 'Duration & Phasing'.
A8: Step 4 - Risk-adjust | B8: Review the 'Risks & Mitigations' sheet; toggle applicable risks (Y/N) to drive the risk contingency % used on the Estimator.
A9: Step 5 - Validate assumptions | B9: Confirm every assumption on the 'Assumptions' sheet with the customer / bid team before publishing the estimate.
A11: Colour legend
A12: Yellow fill + blue font | B12: User input cell - fill these in
A13: Blue font (no fill) | B13: Benchmark / assumption value - editable, calibrate to your context
A14: Black font | B14: Formula - do not overwrite
A15: Green font | B15: Link to another sheet
A17: Sheet map
A18: Inputs | B18: Volumetric drivers, toggles, rate/duration parameters (user entry)
A19: Estimator | B19: Work packages x complexity x unit effort = effort; derived packages; contingency; grand total
A20: Role Mapping | B20: Role-wise effort split, hours and FTE
A21: Duration & Phasing | B21: Phase effort distribution and elapsed weeks
A22: Complexity Guidelines | B22: How to classify each driver as Simple / Medium / Complex
A23: Risks & Mitigations | B23: Risk register with probability, estimate impact %, mitigations; drives contingency
A24: Assumptions | B24: All estimating assumptions behind the numbers
A25: Benchmarks & Sources | B25: Provenance and citations for benchmark unit efforts
A27: Important | B27: Public, per-work-package MES unit-effort benchmarks are scarce; vendors publish cost/duration ranges rather than hour-level norms. Unit hours here are SME heuristics anchored to the cited public data points (see Benchmarks & Sources) and MUST be calibrated with your own estimate-vs-actual history before commercial use.

Sheet Inputs
A1: Volumetric Drivers & Project Parameters
A2: Fill yellow cells only. These drive all downstream calculations. Use 'Complexity Guidelines' sheet to band each item as Simple / Medium / Complex.
A4: Volumetric driver | B4: Simple (#) | C4: Medium (#) | D4: Complex (#) | E4: Total | F4: Guidance
A5: D1. Functional process areas in scope (order exec, quality, T&T, OEE...) | B5: 2 | C5: 3 | D5: 1 | E5: =SUM(B5:D5) -> 6 | F5: Count distinct MES functional modules to configure (see Estimator WP-04 rows)
A6: D2. Production workflows / eBR-MBR recipes to model | B6: 8 | C6: 10 | D6: 4 | E6: =SUM(B6:D6) -> 22 | F6: Distinct routings / electronic batch records / workflow models
A7: D3. Equipment / machine integration points (Level 2) | B7: 20 | C7: 15 | D7: 5 | E7: =SUM(B7:D7) -> 40 | F7: Per connected machine or cell; Simple = native OPC UA, Complex = legacy/custom protocol
A8: D4. Enterprise interfaces (Level 4: ERP, LIMS, WMS, PLM, QMS) | B8: 3 | C8: 4 | D8: 2 | E8: =SUM(B8:D8) -> 9 | F8: Per logical interface (e.g., production order download, confirmation upload)
A9: D5. Custom development objects (screens, reports, extensions) | B9: 6 | C9: 8 | D9: 3 | E9: =SUM(B9:D9) -> 17 | F9: RICEFW-style objects beyond standard configuration
A10: D6. Master data objects to migrate / load | B10: 4 | C10: 4 | D10: 2 | E10: =SUM(B10:D10) -> 10 | F10: Materials, BOMs, routings, work centres, users, specs...
A11: D7. Standard reports / dashboards to configure | B11: 6 | C11: 5 | D11: 2 | E11: =SUM(B11:D11) -> 13 | F11: OEE, WIP, genealogy, compliance dashboards
A12: D8. User groups / roles to train | B12: 4 | C12: 3 | D12: 1 | E12: =SUM(B12:D12) -> 8 | F12: Operators, supervisors, quality, engineering, admins
A14: Project parameter | B14: Value | F14: Guidance
A15: P1. Regulated industry (GxP validation required)? | B15: Y | F15: Y = pharma/med-dev/food; adds CSV/IQ-OQ-PQ uplift (WP-10)
A16: P2. Number of additional rollout sites (beyond first site) | B16: 2 | F16: Subsequent sites priced with template reuse factor (WP-14)
A17: P3. Rollout reuse factor (subsequent site effort as % of first-site core build) | B17: 0.3 | F17: Industry: validated template cuts per-site hours ~70% (1,000 -> 300 hrs pattern); 30% default
A18: P4. Productive hours per person-month | B18: 152 | F18: 8 hrs x 19 productive days; align to your delivery norm
A19: P5. Average blended team size (FTE) for duration calc | B19: 8 | F19: Used on Duration & Phasing to convert effort to elapsed weeks
A20: P6. Base contingency % (estimation uncertainty, pre-risk) | B20: 0.05 | F20: Applied before risk-driven contingency from Risks sheet
A22: Example values shown are a realistic mid-size discrete/pharma plant; overwrite with your project's counts.

Sheet Estimator
A1: Effort Estimator - Work Packages x Complexity x Benchmark Unit Effort
A2: Counts flow from Inputs (green). Unit-effort hours (blue) are calibratable benchmarks - provenance in 'Benchmarks & Sources' (Src ID column). Effort in person-hours.
A4: WP ID | B4: Work package / component | C4: Volumetric driver (unit) | D4: # S | E4: # M | F4: # C | G4: Unit hrs S | H4: Unit hrs M | I4: Unit hrs C | J4: Effort (hrs) | K4: Src ID | L4: Complexity definition (what makes an item S / M / C)
A5: WP-02 | B5: Requirements, URS & as-is/to-be process mapping | C5: Per functional process area | D5: =Inputs!B$5 -> 2 | E5: =Inputs!C$5 -> 3 | F5: =Inputs!D$5 -> 1 | G5: 80 | H5: 140 | I5: 220 | J5: =D5*G5+E5*H5+F5*I5 -> 800 | K5: S3 | L5: S: single well-documented process, <=2 stakeholder groups. M: cross-functional process, moderate re-engineering. C: multi-dept process, paper-to-digital transformation, regulatory content.
A6: WP-03 | B6: Solution architecture & functional/technical design (FDS/TDS) | C6: Per functional process area | D6: =Inputs!B$5 -> 2 | E6: =Inputs!C$5 -> 3 | F6: =Inputs!D$5 -> 1 | G6: 60 | H6: 110 | I6: 180 | J6: =D6*G6+E6*H6+F6*I6 -> 630 | K6: S3 | L6: S: standard module fit, config-only design. M: some extension points, 1-2 integration touchpoints. C: heavy customisation, multi-system data flows, performance/HA design.
A7: WP-04 | B7: Core MES configuration (order execution, dispatching, data collection) | C7: Per workflow / eBR-recipe model | D7: =Inputs!B$6 -> 8 | E7: =Inputs!C$6 -> 10 | F7: =Inputs!D$6 -> 4 | G7: 24 | H7: 56 | I7: 120 | J7: =D7*G7+E7*H7+F7*I7 -> 1232 | K7: S1 | L7: S: linear routing, <=10 steps, no branching. M: 10-25 steps, conditional logic, e-signatures. C: >25 steps, parallel/rework loops, weigh & dispense, complex parametric data capture.
A8: WP-05 | B8: Equipment / automation integration (Level 2) | C8: Per machine / cell connection | D8: =Inputs!B$7 -> 20 | E8: =Inputs!C$7 -> 15 | F8: =Inputs!D$7 -> 5 | G8: 8 | H8: 24 | I8: 80 | J8: =D8*G8+E8*H8+F8*I8 -> 920 | K8: S2 | L8: S: modern PLC/OPC UA native, standard tags. M: driver-based (Modbus, proprietary gateway), tag mapping + scaling. C: legacy/serial/custom protocol, PLC code changes, bidirectional recipe download.
A9: WP-06 | B9: Enterprise integration (Level 4: ERP/LIMS/WMS/PLM/QMS) | C9: Per logical interface | D9: =Inputs!B$8 -> 3 | E9: =Inputs!C$8 -> 4 | F9: =Inputs!D$8 -> 2 | G9: 60 | H9: 120 | I9: 240 | J9: =D9*G9+E9*H9+F9*I9 -> 1140 | K9: S6 | L9: S: standard connector, one-way, low volume. M: bidirectional, field mapping + error handling. C: custom API/middleware, orchestration, high volume or guaranteed delivery.
A10: WP-07 | B10: Custom development / extensions | C10: Per RICEFW-style object | D10: =Inputs!B$9 -> 6 | E10: =Inputs!C$9 -> 8 | F10: =Inputs!D$9 -> 3 | G10: 40 | H10: 80 | I10: 160 | J10: =D10*G10+E10*H10+F10*I10 -> 1360 | K10: S6 | L10: S: report/screen tweak on standard data model. M: new screen or service with business logic. C: new module-level function, complex logic, performance-sensitive.
A11: WP-08 | B11: Data migration & master data load | C11: Per data object | D11: =Inputs!B$10 -> 4 | E11: =Inputs!C$10 -> 4 | F11: =Inputs!D$10 -> 2 | G11: 40 | H11: 80 | I11: 140 | J11: =D11*G11+E11*H11+F11*I11 -> 760 | K11: S6 | L11: S: clean single-source extract, <5k records. M: transformation rules, 2 sources. C: multi-source cleansing, genealogy/history load, validation evidence required.
A12: WP-09 | B12: Reports & dashboards | C12: Per report / dashboard | D12: =Inputs!B$11 -> 6 | E12: =Inputs!C$11 -> 5 | F12: =Inputs!D$11 -> 2 | G12: 16 | H12: 32 | I12: 64 | J12: =D12*G12+E12*H12+F12*I12 -> 384 | K12: S6 | L12: S: standard template, single data source. M: multi-source KPI dashboard. C: regulatory/e-record report with audit trail, complex aggregation.
A13: WP-11 | B13: Training & OCM | C13: Per user group / role | D13: =Inputs!B$12 -> 4 | E13: =Inputs!C$12 -> 3 | F13: =Inputs!D$12 -> 1 | G13: 40 | H13: 64 | I13: 96 | J13: =D13*G13+E13*H13+F13*I13 -> 448 | K13: S4 | L13: S: <=10 users, standard role. M: 10-40 users, shift coverage. C: >40 users, multi-shift, competency assessment, train-the-trainer.
A14: WP-13 | B14: Infrastructure & environments (DEV/QA/PROD, server/cloud setup, security) | C14: Fixed per project (lump sum hrs) | D14: - | E14: - | F14: - | H14: 320 | J14: =H14 -> 320 | K14: S6 | L14: Adjust: ~200 hrs cloud-SaaS MES; ~320 hrs hybrid; 480+ hrs on-prem HA with DMZ/OT-network segregation.
B15: Sub-total: Build & configure (basis for derived packages) | J15: =SUM(J5:J14) -> 7994
A16: WP-12a | B16: System & integration testing (SIT) + UAT support | C16: Derived (% factor) | G16: 0.25 | J16: =J15*G16 -> 1998.5 | K16: S6 | L16: % of Build sub-total. Raise to 30% for heavily integrated landscapes; lower to 20% for config-only scope.
A17: WP-10 | B17: Validation / CSV (IQ-OQ-PQ, traceability) - regulated only | C17: Derived (% factor) | G17: 0.22 | J17: =IF(Inputs!$B$15="Y",J15*G17,0) -> 1758.68 | K17: S5 | L17: % of Build sub-total, applied only if Inputs P1 = Y. Pharma norm: validation & compliance consume 20-25% of project resources.
A18: WP-01 | B18: Project management & governance | C18: Derived (% factor) | G18: 0.12 | J18: =(J15+J16+J17)*G18 -> 1410.1416 | K18: S6 | L18: % of (Build + Testing + Validation). 10-15% typical for single-site MES programmes.
A19: WP-12b | B19: Cutover, go-live & hypercare (4 weeks) | C19: Derived (% factor) | G19: 0.08 | J19: =J15*G19 -> 639.52 | K19: S6 | L19: % of Build sub-total; assumes 4-week hypercare with tapering team.
B20: Sub-total: First site total effort | J20: =J15+SUM(J16:J19) -> 13800.842
A21: WP-14 | B21: Multi-site rollout (subsequent sites, template reuse) | C21: Per additional site | D21: =Inputs!$B$16 -> 2 | J21: =Inputs!$B$16*Inputs!$B$17*J20 -> 8280.505 | K21: S1 | L21: Additional sites x reuse factor (Inputs P3) x first-site total. Benchmark: template reuse cuts per-site hours ~70%.
B22: Sub-total: Programme effort before contingency | J22: =J20+J21 -> 22081.347
B23: Base contingency (Inputs P6) | J23: =J22*Inputs!$B$20 -> 1104.0673 | L23: Estimation uncertainty independent of specific risks.
B24: Risk-driven contingency (from Risks & Mitigations sheet) | J24: =J22*'Risks & Mitigations'!$F$15 -> 3135.5512 | L24: Sum of expected-value impacts of risks toggled 'Y' on the Risks sheet.
B25: GRAND TOTAL EFFORT (person-hours) | J25: =J22+J23+J24 -> 26320.965
B26: Grand total (person-months) | J26: =J25/Inputs!$B$18 -> 173.16424
B28: Note: WP IDs are non-sequential by design - rows are grouped driver-based first, then derived (%) packages.

Sheet Role Mapping
A1: Role Mapping & Staffing
A2: Role allocation % (blue - must total 100%) applied to Grand Total effort. FTE assumes role deployed across full elapsed duration from 'Duration & Phasing'.
A4: Role | B4: Alloc % | C4: Effort (hrs) | D4: Effort (PM) | E4: Avg FTE over programme | F4: Primary responsibilities / mapped work packages
A5: Program / Project Manager | B5: 0.1 | C5: =B5*Estimator!$J$25 -> 2632.0965 | D5: =C5/Inputs!$B$18 -> 17.316424 | E5: =IFERROR(C5/('Duration & Phasing'!$D$14*40),0) -> 1 | F5: Plan, governance, RAID, stakeholder & vendor mgmt (WP-01)
A6: MES Solution Architect | B6: 0.08 | C6: =B6*Estimator!$J$25 -> 2105.6772 | D6: =C6/Inputs!$B$18 -> 13.85314 | E6: =IFERROR(C6/('Duration & Phasing'!$D$14*40),0) -> 0.8 | F6: End-to-end architecture, ISA-95 data model, design authority (WP-03, WP-06)
A7: MES Functional Consultant | B7: 0.22 | C7: =B7*Estimator!$J$25 -> 5790.6123 | D7: =C7/Inputs!$B$18 -> 38.096134 | E7: =IFERROR(C7/('Duration & Phasing'!$D$14*40),0) -> 2.2 | F7: Requirements, process mapping, core configuration, workflow/eBR modelling (WP-02, WP-04)
A8: MES Technical Developer / Configurator | B8: 0.16 | C8: =B8*Estimator!$J$25 -> 4211.3544 | D8: =C8/Inputs!$B$18 -> 27.706279 | E8: =IFERROR(C8/('Duration & Phasing'!$D$14*40),0) -> 1.6 | F8: Custom objects, reports/dashboards, screen extensions (WP-05*, WP-07, WP-09)
A9: Automation / OT Integration Engineer | B9: 0.12 | C9: =B9*Estimator!$J$25 -> 3158.5158 | D9: =C9/Inputs!$B$18 -> 20.779709 | E9: =IFERROR(C9/('Duration & Phasing'!$D$14*40),0) -> 1.2 | F9: PLC/SCADA connectivity, OPC UA, tag mapping, Level 2 (WP-05)
A10: Enterprise Interface Developer | B10: 0.08 | C10: =B10*Estimator!$J$25 -> 2105.6772 | D10: =C10/Inputs!$B$18 -> 13.85314 | E10: =IFERROR(C10/('Duration & Phasing'!$D$14*40),0) -> 0.8 | F10: ERP/LIMS/WMS APIs & middleware (WP-06)
A11: Data Migration Analyst | B11: 0.05 | C11: =B11*Estimator!$J$25 -> 1316.0483 | D11: =C11/Inputs!$B$18 -> 8.6582122 | E11: =IFERROR(C11/('Duration & Phasing'!$D$14*40),0) -> 0.5 | F11: Extraction, cleansing, load & reconciliation (WP-08)
A12: QA / Test Engineer | B12: 0.09 | C12: =B12*Estimator!$J$25 -> 2368.8869 | D12: =C12/Inputs!$B$18 -> 15.584782 | E12: =IFERROR(C12/('Duration & Phasing'!$D$14*40),0) -> 0.9 | F12: Test strategy, SIT, UAT support, defect mgmt (WP-12a)
A13: Validation / CSV Specialist | B13: 0.06 | C13: =B13*Estimator!$J$25 -> 1579.2579 | D13: =C13/Inputs!$B$18 -> 10.389855 | E13: =IFERROR(C13/('Duration & Phasing'!$D$14*40),0) -> 0.6 | F13: Validation plan, IQ/OQ/PQ, traceability matrix (WP-10; regulated only)
A14: OCM / Training Lead | B14: 0.04 | C14: =B14*Estimator!$J$25 -> 1052.8386 | D14: =C14/Inputs!$B$18 -> 6.9265698 | E14: =IFERROR(C14/('Duration & Phasing'!$D$14*40),0) -> 0.4 | F14: Training design & delivery, adoption, comms (WP-11)
A15: Total | B15: =SUM(B5:B14) -> 1 | C15: =SUM(C5:C14) -> 26320.965 | D15: =SUM(D5:D14) -> 173.16424 | E15: =SUM(E5:E14) -> 10
A17: Check: allocation must equal 100% | B17: =IF(B15=1,"OK","ADJUST") -> OK
A18: Benchmark cross-check: pharma norm ~60-70% technical, 20-25% validation & compliance, 10-15% OCM/training (see Src S5). If P1=N, redistribute the Validation 6% into Functional/Test roles.

Sheet Duration & Phasing
A1: Phase-wise Effort Distribution & Elapsed Duration
A2: Phase % (blue) applied to Grand Total. Elapsed weeks = phase hours / (team FTE x 40 hrs), with overlap factor. Calibrate phase % to your methodology.
A4: Phase | B4: Effort % | C4: Effort (hrs) | D4: Elapsed weeks | E4: Cum. weeks | F4: Notes
A5: 1. Prepare & mobilise | B5: 0.05 | C5: =B5*Estimator!$J$25 -> 1316.0483 | D5: =C5/(Inputs!$B$19*40) -> 4.1126508 | E5: =SUM(D$5:D5) -> 4.1126508 | F5: Kick-off, environments start, team onboarding, detailed plan
A6: 2. Requirements & design | B6: 0.18 | C6: =B6*Estimator!$J$25 -> 4737.7737 | D6: =C6/(Inputs!$B$19*40) -> 14.805543 | E6: =SUM(D$5:D6) -> 18.918194 | F6: URS, process mapping, FDS/TDS sign-off (WP-02/03)
A7: 3. Build & configure | B7: 0.34 | C7: =B7*Estimator!$J$25 -> 8949.1281 | D7: =C7/(Inputs!$B$19*40) -> 27.966025 | E7: =SUM(D$5:D7) -> 46.884219 | F7: Core config, equipment & enterprise integration, custom dev, data migration build
A8: 4. Test (SIT/UAT) | B8: 0.18 | C8: =B8*Estimator!$J$25 -> 4737.7737 | D8: =C8/(Inputs!$B$19*40) -> 14.805543 | E8: =SUM(D$5:D8) -> 61.689762 | F8: Test prep + execution; UAT with business
A9: 5. Validate (IQ/OQ/PQ) | B9: 0.1 | C9: =B9*Estimator!$J$25 -> 2632.0965 | D9: =C9/(Inputs!$B$19*40) -> 8.2253016 | E9: =SUM(D$5:D9) -> 69.915064 | F9: Regulated only - runs partly in parallel with UAT
A10: 6. Deploy & cutover | B10: 0.06 | C10: =B10*Estimator!$J$25 -> 1579.2579 | D10: =C10/(Inputs!$B$19*40) -> 4.935181 | E10: =SUM(D$5:D10) -> 74.850245 | F10: Data loads, dress rehearsal, go-live
A11: 7. Hypercare & handover | B11: 0.09 | C11: =B11*Estimator!$J$25 -> 2368.8869 | D11: =C11/(Inputs!$B$19*40) -> 7.4027714 | E11: =SUM(D$5:D11) -> 82.253016 | F11: 4-week stabilisation, transition to AMS
A12: Total (sequential) | B12: =SUM(B5:B11) -> 1 | C12: =SUM(C5:C11) -> 26320.965 | D12: =SUM(D5:D11) -> 82.253016
A13: Phase overlap factor (parallel working) | B13: 0.8 | F13: 0.80 = 20% schedule compression through parallel phases; set 1.00 for strictly sequential.
A14: PLANNED ELAPSED DURATION - overall programme (weeks) | D14: =D12*B13 -> 65.802413 | E14: =D14/4.33 -> 15.196862 | F14: Basis = Grand Total effort incl. rollout sites at the average team size (P5). Sanity check: single-site MES 6-12 months; pharma/regulated 12-18 months (Src S4/S5). For per-site wave plans, model each site's wave separately.
A16: Duration is effort-derived; long-lead items (hardware procurement, OT network changes, vendor licence lead times) can extend the critical path independent of effort - flag on Risks sheet.

Sheet Complexity Guidelines
A1: Complexity Classification Guidelines
A2: Use these rules to band every counted item on the Inputs sheet. When an item matches criteria across two bands, take the higher band. Documented banding rationale is mandatory for estimate review.
A4: Component | B4: Simple | C4: Medium | D4: Complex | E4: Escalators (auto-promote one band if...)
A5: Workflow / eBR-recipe (WP-04) | B5: Linear routing <=10 steps; no branching; standard data collection; no e-signature | C5: 10-25 steps; conditional branching; e-signatures; exception handling; label printing | D5: >25 steps; parallel paths / rework loops; weigh & dispense; parametric quality data; multi-level genealogy | E5: GxP critical step; serialisation; operator guidance with interlocks
A6: Equipment integration (WP-05) | B6: Modern PLC with native OPC UA; read-only tags; standard data model | C6: Driver/gateway (Modbus, proprietary); tag mapping & scaling; write-back of setpoints | D6: Legacy/serial/custom protocol; PLC logic changes needed; bidirectional recipe download; safety-relevant signals | E6: No PLC documentation; machine vendor involvement required; OT network redesign
A7: Enterprise interface (WP-06) | B7: Standard connector; one-way; batch frequency; <5 fields transformed | C7: Bidirectional; near-real-time; field mapping + error handling & retries | D7: Custom API/middleware orchestration; guaranteed delivery; high volume; multi-system choreography | E7: Master data ownership disputed; middleware platform is new to client
A8: Custom object (WP-07) | B8: Cosmetic screen/report change on standard data model | C8: New screen/service with moderate business logic; standard APIs | D8: New functional capability; complex algorithms; performance-critical; extends core data model | E8: Requires vendor SDK expertise not available in-house
A9: Data object migration (WP-08) | B9: Single clean source; <5k records; direct mapping | C9: Transformation rules; two sources; reconciliation report | D9: Multi-source cleansing; historical/genealogy load; validated load evidence (GxP) | E9: Source data quality unknown / no data owner identified
A10: Report / dashboard (WP-09) | B10: Standard template; single source; static | C10: Multi-source KPI dashboard; drill-down; scheduled distribution | D10: Regulatory e-record report; audit trail; complex aggregation across sites | E10: Sub-second refresh or very high-volume historian queries
A11: Process area (WP-02/03) | B11: Well-documented; single dept; config-only fit | C11: Cross-functional; moderate re-engineering; 1-2 integrations | D11: Multi-dept; paper-to-digital transformation; regulatory content; heavy integration | E11: No documented as-is process exists
A12: Training group (WP-11) | B12: <=10 users; single shift; standard role | C12: 10-40 users; multi-shift scheduling | D12: >40 users; competency assessment; train-the-trainer; multilingual | E12: Unionised workforce requiring negotiated change process
A14: Governance rule | B14: Any single work package where >40% of items are banded Complex should trigger an architecture review before the estimate is baselined - it usually signals scope that belongs in a different delivery model (e.g., product co-development).

Sheet Risks & Mitigations
A1: Risk Register - Impact on Estimate & Contingency Driver
A2: Toggle 'Applies?' = Y/N (yellow). Contingency contribution = Probability x Impact % (expected value). Total feeds Estimator risk-contingency row.
A4: ID | B4: Risk | C4: Mitigation | D4: Probability | E4: Impact on estimate if it occurs | F4: Contingency contribution | G4: Applies? (Y/N) | H4: Rationale for impact
A5: R1 | B5: Shop-floor equipment older/less documented than assumed; integration effort balloons | C5: Site survey & connectivity assessment of every machine BEFORE baselining; pilot-connect 2-3 worst machines in discovery | D5: 0.4 | E5: 0.15 | F5: =IF(G5="Y",D5*E5,0) -> 0.06 | G5: Y | H5: Equipment integration is the most variable MES cost driver; legacy protocol work can 3-10x per-machine hours
A6: R2 | B6: Scope creep - each site/department demands local variations | C6: Template governance board; 5-level standardisation model; change control with commercial impact for every variation | D6: 0.5 | E6: 0.1 | F6: =IF(G6="Y",D6*E6,0) -> 0.05 | G6: Y | H6: Multi-site programmes report hard-coding & per-site scope creep as top rollout-time inflators
A7: R3 | B7: Inadequate scoping / fuzzy requirements forces mid-project reset | C7: Formal URS sign-off gate; process walkthroughs on the floor, not in conference rooms; scope boundary doc (functional, integration, compliance) | D7: 0.3 | E7: 0.2 | F7: =IF(G7="Y",D7*E7,0) -> 0 | G7: N | H7: Documented case: pharma manufacturer reset after 3 months, >$400k wasted effort
A8: R4 | B8: ERP master data quality poor; migration & interface rework | C8: Data profiling in discovery; data-quality remediation as client obligation in contract; reconciliation gates | D8: 0.4 | E8: 0.08 | F8: =IF(G8="Y",D8*E8,0) -> 0 | G8: N | H8: Interface/migration rework typically adds 5-12% when master data ownership is weak
A9: R5 | B9: Validation cycles (GxP) exceed plan; documentation rework | C9: Risk-based validation strategy; involve QA from design phase; leverage vendor qualification packs | D9: 0.4 | E9: 0.1 | F9: =IF(G9="Y",D9*E9,0) -> 0 | G9: N | H9: Validation & compliance normally consume 20-25% of resources; underestimating it inflates that further
A10: R6 | B10: User adoption resistance; extended hypercare & retraining | C10: OCM from day 1; operator champions; pilot line first (phased rollouts show ~85% adoption vs ~45% big-bang) | D10: 0.4 | E10: 0.06 | F10: =IF(G10="Y",D10*E10,0) -> 0 | G10: N | H10: Extended hypercare and retraining typically add 4-8% of programme effort
A11: R7 | B11: OT/IT network & infrastructure not ready (segregation, firewalls, servers) | C11: Infrastructure readiness checklist at contract; hardware lead-times on critical path plan; cloud/SaaS option where acceptable | D11: 0.3 | E11: 0.07 | F11: =IF(G11="Y",D11*E11,0) -> 0 | G11: N | H11: Hardware setup alone can take 3-8 months if not started early - schedule risk converts to effort via idle/replan time
A12: R8 | B12: Key client SMEs unavailable (production can't release operators/engineers) | C12: Named SME commitments in contract with % allocation; workshops scheduled around shift patterns; decision-log SLA | D12: 0.4 | E12: 0.08 | F12: =IF(G12="Y",D12*E12,0) -> 0.032 | G12: Y | H12: Waiting/rework from slow decisions commonly adds 5-10% on MES projects
A13: R9 | B13: MES product gaps discovered late; unplanned custom development | C13: Fit-gap workshop against demo system in design phase; vendor roadmap review; cap custom dev % in contract | D13: 0.3 | E13: 0.12 | F13: =IF(G13="Y",D13*E13,0) -> 0 | G13: N | H13: Late-found gaps convert config effort to custom dev at 2-4x unit cost
A14: R10 | B14: Multi-site rollout reuse factor not achieved (template erodes) | C14: Template certification after site 1; core-vs-local layer architecture; rollout playbook & flying squad | D14: 0.3 | E14: 0.1 | F14: =IF(G14="Y",D14*E14,0) -> 0 | G14: N | H14: If reuse slips from 30% to 60% per site, rollout effort doubles; toggle Y for 3+ site programmes
B15: TOTAL RISK-DRIVEN CONTINGENCY % (feeds Estimator) | F15: =SUM(F5:F14) -> 0.142
B17: Method: expected-value contingency (probability x impact). Defaults toggle only the three most common risks (~14%); turn others Y based on discovery findings. For fixed-price bids, consider P75 scenario sizing instead per your CoE pricing POV.

Sheet Assumptions
A1: Estimating Assumptions
A2: Every number in this workbook rests on these assumptions. Validate each with the customer / bid team; a broken assumption is a change request, not an overrun.
A4: # | B4: Category | C4: Assumption
A5: A1 | B5: Scope | C5: Single MES product/platform for all sites; no multi-vendor MES landscape. Functional scope limited to the process areas counted in D1; MOM extensions (APS, LIMS build, WMS build) excluded.
A6: A2 | B6: Scope | C6: Estimate covers implementation services only - software licences, hardware, cloud subscription and third-party (PLC vendor, middleware) costs are excluded.
A7: A3 | B7: Scope | C7: First site is the template site; subsequent sites adopt the certified template with max 20% local variation (drives P3 reuse factor).
A8: A4 | B8: Volumetrics | C8: Counts entered on Inputs are validated during discovery; a >15% swing in any driver triggers re-estimation.
A9: A5 | B9: Equipment | C9: Machines counted as Simple have working OPC UA endpoints and tag documentation; client provides PLC programmer access for Medium/Complex machines.
A10: A6 | B10: Integration | C10: ERP (e.g., SAP/Oracle) is stable - no parallel ERP transformation changing interface contracts mid-flight; standard connectors available for the MES product.
A11: A7 | B11: Data | C11: Client owns data cleansing; our effort covers extraction spec, transformation, load and reconciliation only. Historical data migration limited to open orders + master data (no full history).
A12: A8 | B12: Validation | C12: WP-10 uplift assumes risk-based CSV with vendor qualification packs available; full GAMP 5 Category 5 treatment of custom objects only.
A13: A9 | B13: Testing | C13: Client provides UAT testers and test data; one full SIT cycle + one regression cycle included; additional cycles are change requests.
A14: A10 | B14: Team | C14: Blended onsite/offshore delivery; unit hours assume experienced MES practitioners (not first-project learners). Productivity per P4 = 152 hrs/person-month.
A15: A11 | B15: Schedule | C15: Elapsed duration assumes client decision SLA of 5 working days and no plant shutdown blackout periods longer than 2 weeks during deployment windows.
... A19: A15 | B19: Benchmarks | C19: Unit-effort values are CoE heuristics anchored to cited public sources; they must be recalibrated against estimate-vs-actual data after each project (CoE calibration loop).

Sheet Benchmarks & Sources
A1: Benchmark Provenance & Citations
A2: What each Src ID on the Estimator rests on. 'Public' = verifiable published data point; 'SME heuristic' = CoE expert judgement decomposing that anchor to unit level. Retrieved 22-Jul-2026.
A4: Src ID | B4: Benchmark data point | C4: How it is used in this template | D4: Type | E4: Source (publisher, URL)
A5: S1 | B5: Validated MES template cuts rollout hours by ~70% - from ~1,000 hrs on the first site to ~300 hrs on subsequent sites | C5: Anchors WP-14 default reuse factor P3 = 30%, and sanity-checks per-workflow config hours (a 1,000-hr site rollout across ~15-25 workflows implies ~25-60 hrs/workflow, matching WP-04 S/M bands) | D5: Public | E5: IIoT World / Critical Manufacturing, '5 Steps to a Successful Multisite MES Implementation', https://www.iiot-world.com/smart-manufacturing/discrete-manufacturing/multisite-mes-implementation-steps/
A6: S2 | B6: Modern equipment with OPC UA interfaces can be connected in a few hours; legacy machines need gateways/standardised connectors (e.g., 300+ segments across press/welding/assembly and multiple control generations) | C6: Anchors WP-05 Simple band at 8 hrs (connect + tag map + verify) and justifies the steep S->C gradient for legacy protocols | D6: Public | E6: Symestic, 'MES System Prices 2026' & 'MES Software Compared 2026', https://www.symestic.com/en-us/blog/mes-system-prices-2026 ; https://www.symestic.com/en-us/blog/mes/mes-software
A7: S3 | B7: Single-site traditional MES projects run ~6-18 months to productive use; small-manufacturer rollouts 6-12 months; ~$800k average EU/US project with most variation in services & integration, not licences | C7: Anchors WP-02/03 per-process-area design hours and the overall envelope: default inputs produce a first-site total consistent with a 6-12 month, mid-size team programme | D7: Public | E7: Symestic (prices 2026); Epoptia, 'Implementing an MES: A Practical Guide from 100+ Installations', https://epoptia.com/implementing-an-mes-practical-guide/ ; OEE Tools, 'Rough Cost Estimation of MES Implementation by Region', https://oeetools.com/blog/mes-implementation-costs-2025-12-09
A8: S4 | B8: Phased pilots deliver ROI in 3-6 months; phased implementations reach ~85% user adoption vs ~45% for big-bang | C8: Anchors WP-11 training hours per user group and risk R6 (adoption) probability/impact | D8: Public | E8: Shoplogix, 'Phased MES Implementation Approach', https://shoplogix.com/phased-mes-implementation-approach/
A9: S5 | B9: Pharma MES: 12-18 months single-site; resource split ~60-70% technical, 20-25% validation & compliance, 10-15% change mgmt & training; mid-size facility implementation cost $1.5-3M; documented $400k+ loss from inadequate scoping | C9: Anchors WP-10 validation uplift (22% of build), the Role Mapping cross-check, Duration sanity check for regulated projects, and risk R3 impact | D9: Public | E9: GMP Pros, 'MES Implementation Project Plan' & 'MES Implementation Guide for Pharma', https://gmppros.com/mes-implementation-project-plan/ ; https://gmppros.com/mes-implementation-pharma/
A10: S6 | B10: Unit-level decomposition of the above anchors into per-object hours (interfaces, custom objects, data objects, reports, PM %, testing %, cutover %, infra lump sum) | C10: Where no public per-unit norm exists, CoE expert judgement allocates the publicly evidenced project-level envelopes to work-package unit hours; calibrate with estimate-vs-actual data | D10: SME heuristic | E10: Estimation CoE delivery experience (SAP/MES/modernisation programmes); recalibrate via CoE calibration loop
A11: S7 | B11: Common rollout-time inflators: hard-coding, funding gaps, over-complication, per-facility scope creep; 25-site x 6-month rollouts are untenable without template discipline | C11: Anchors risks R2 and R10 and the template-governance guidance on Complexity Guidelines sheet | D11: Public | E11: Sepasoft, '14 Steps for a Successful MES Implementation', https://www.sepasoft.com/blog/mes-implementation/14-steps-for-a-successful-mes-implementation/
A13: Caveat | B13: No public body (ISBSG, MESA, Gartner) publishes free per-work-package MES unit-effort norms; published data is at project cost/duration level. Treat all unit hours as calibratable priors, not certified benchmarks.
